{
  "name": "projectmanager-web",
  "version": "0.0.0",
  "scripts": {
    "ng": "ng",
    "start": "ng serve --proxy-config proxy.config.json",
    "build": "ng build",
    "test": "ng test",
    "lint": "ng lint",
    "e2e": "ng e2e"
  },
  "private": true,
  "dependencies": {
    "@angular/animations": "^6.1.10",
    "@angular/cdk": "^7.0.0",
    "@angular/common": "^6.1.0",
    "@angular/compiler": "^6.1.0",
    "@angular/core": "^6.1.0",
    "@angular/forms": "^6.1.0",
    "@angular/http": "^6.1.0",
    "@angular/material": "^7.0.1",
    "@angular/platform-browser": "^6.1.0",
    "@angular/platform-browser-dynamic": "^6.1.0",
    "@angular/router": "^6.1.0",
    "angular-bootstrap-md": "^6.2.6",
    "angular-route": "^1.7.5",
    "bootstrap": "^3.3.7",
    "chart.js": "^2.5.0",
    "core-js": "^2.5.4",
    "font-awesome": "^4.7.0",
    "hammerjs": "^2.0.8",
    "ngx-bootstrap": "^3.0.1",
    "primeng": "^6.1.5",
    "router": "^1.3.3",
    "rxjs": "~6.2.0",
    "zone.js": "~0.8.26"
  },
  "devDependencies": {
    "@angular-devkit/build-angular": "~0.8.0",
    "@angular/cli": "~6.2.4",
    "@angular/compiler-cli": "^6.1.0",
    "@angular/language-service": "^6.1.0",
    "@types/jasmine": "~2.8.8",
    "@types/jasminewd2": "~2.0.3",
    "@types/node": "~8.9.4",
    "codelyzer": "~4.3.0",
    "jasmine-core": "~2.99.1",
    "jasmine-spec-reporter": "~4.2.1",
    "karma": "~3.0.0",
    "karma-chrome-launcher": "~2.2.0",
    "karma-coverage-istanbul-reporter": "~2.0.1",
    "karma-jasmine": "~1.1.2",
    "karma-jasmine-html-reporter": "^0.2.2",
    "protractor": "~5.4.0",
    "ts-node": "~7.0.0",
    "tslint": "~5.11.0",
    "typescript": "~2.9.2"
  }
}
